{
  "spectrum": {
    "width": 256,
    "height": 256,
    "mean_luminance": 0.4994507352941176,
    "entropy_proxy": 0.9259086908221948,
    "r_frac": 0.3336880013095664,
    "g_frac": 0.3336880013094923,
    "b_frac": 0.3326239973809414,
    "edge_energy": 0.021558772587466364,
    "bin_low": 0.2138519287109375,
    "bin_mid": 0.558319091796875,
    "bin_high": 0.2278289794921875
  },
  "scalar_kwargs": {
    "N": 4.816479930623699,
    "P": 1.0,
    "D_eff": 13.948408365801443,
    "rho": 0.4994507352941176,
    "recent_hits": 0.021558772587466364,
    "scale": 0.9629543454110974,
    "amplitude": 0.7791595458984375,
    "observed": true
  },
  "S": 1.794764665667171,
  "attention_bias": 9.61653403666815,
  "trinary_mass": {
    "low": 0.2138519287109375,
    "mid": 0.558319091796875,
    "high": 0.2278289794921875
  }
}